symbol,name,currency,first_date,first_adjclose,adjclose_2026-09-04,last_date,last_adjclose,ytd_pct,since_2026-09-04_pct,splits_in_period
AVGO,Broadcom,USD,2026-01-02,345.7146,357.2495,2026-10-02,355.1400,2.7,-0.6,
NVDA,NVIDIA,USD,2026-01-02,188.4091,230.1025,2026-10-02,233.9500,24.2,1.7,
MRVL,Marvell,USD,2026-01-02,89.2590,223.5500,2026-10-02,272.2900,205.1,21.8,
GFS,GlobalFoundries,USD,2026-01-02,36.7248,45.0969,2026-10-02,50.1700,36.6,11.2,
CSCO,Cisco,USD,2026-01-02,75.0573,108.7783,2026-10-02,112.2000,49.5,3.1,
COHR,Coherent,USD,2026-01-02,194.3300,281.8600,2026-10-02,337.0400,73.4,19.6,
LITE,Lumentum,USD,2026-01-02,386.1100,881.2550,2026-10-02,1085.4200,181.1,23.2,
MTSI,MACOM,USD,2026-01-02,174.9600,268.9500,2026-10-02,321.6000,83.8,19.6,
POET,POET Technologies,USD,2026-01-02,7.1600,7.9200,2026-10-02,7.7900,8.8,-1.6,
6503.T,三菱電機,JPY,2026-01-05,4735.6543,5217.7988,2026-10-02,5264.0000,11.2,0.9,
5802.T,住友電工,JPY,2026-01-05,1644.7686,2114.5786,2026-10-02,2452.0000,49.1,16.0,2026-06-29 4:1
5801.T,古河電工,JPY,2026-01-05,1043.7922,3832.8286,2026-10-02,4429.0000,324.3,15.6,2026-06-29 10:1
9432.T,NTT,JPY,2026-01-05,154.4177,169.9325,2026-10-02,169.9000,10.0,-0.0,
6965.T,浜松ホトニクス,JPY,2026-01-05,1676.8444,2279.5535,2026-10-02,2389.0000,42.5,4.8,
6777.T,santec,JPY,2026-01-05,9034.4180,18927.7363,2026-10-02,23370.0000,158.7,23.5,
5803.T,フジクラ,JPY,2026-01-05,3047.9751,5033.6323,2026-10-02,5598.0000,83.7,11.2,2026-03-30 6:1
FN,Fabrinet,USD,2026-01-02,479.4200,407.4000,2026-10-02,463.6900,-3.3,13.8,
AAOI,Applied Optoelectronics,USD,2026-01-02,39.6000,105.5300,2026-10-02,115.5900,191.9,9.5,
300308.SZ,InnoLight（中際旭創）,CNY,2026-01-05,622.7730,814.0000,2026-09-30,808.4400,29.8,-0.7,
300502.SZ,Eoptolink（新易盛）,CNY,2026-01-05,304.1834,386.0000,2026-09-30,389.0000,27.9,0.8,2026-06-11 1.4:1
